Route / Use Case,Cabin,Booking Program,Points Cost,Transfer From,Estimated CPP,Cash Equiv. Value,Availability,Transfer Time,Key Booking Notes,Expires?,Source / Verify
NYC → Tokyo (JFK–NRT),Business,ANA MileageClub,"55,000–75,000 RT",AmEx MR → ANA (1:1),3.0–5.0¢,"$1,650–$3,750",Rare; book 10–11 months out,24–48 hrs,ANA awards on own metal. Watch for Business Star Awards.,No (ANA miles expire if no activity 3yr),ana.co.jp | frequentmiler.com
US → Europe,Business,Air France Flying Blue,"50,000–55,000 OW",Chase UR or AmEx MR → Flying Blue (1:1),2.5–4.0¢,"$1,250–$2,200",Moderate; flash sales monthly,Instant (Chase),Flying Blue Promo Rewards monthly. Watch for 30–50% off.,Flying Blue miles expire 24mo no activity,flyingblue.com
US → Europe,Business,Virgin Atlantic Flying Club,"50,000–60,000 OW",Chase UR or AmEx MR → Virgin (1:1),2.5–4.0¢,"$1,250–$2,400",Moderate,Instant (Chase),Books Delta One and ANA J. No fuel surcharges on Delta.,Miles expire 36mo no activity,virginatlantic.com
US → Middle East / SE Asia,Business,Turkish Miles&Smiles,"45,000–70,000 RT",Capital One or Citi → Turkish (1:1),3.0–6.0¢,"$1,350–$4,200",Moderate; call to book,24–48 hrs,Sweet spot for Star Alliance partners. Must call; online search unreliable.,Miles expire 3 years from earning,turkishairlines.com/miles-smiles
Any US Domestic,Business/First,Alaska Mileage Plan,"12,500–20,000 OW",n/a (direct accrual or Bilt),2.0–4.0¢,$250–$800,Good,n/a,Alaska has some of the best US domestic first class redemptions. Partner awards too.,Miles expire 24mo no activity,alaskaair.com/mileage-plan
Luxury Hotel (any city),Suite,World of Hyatt,"12,000–30,000/night",Chase UR or Bilt → Hyatt (1:1),1.5–3.0¢,$180–$900/night,Varies by property,Instant (Chase),Hyatt Category 1–4 properties offer excellent value. Check resort fees.,Points expire 24mo no activity,hyatt.com
NYC → London,Business,British Airways Avios,"57,500 OW (AT)",AmEx MR or Chase UR → BA (1:1),1.5–3.0¢,"$862–$1,725",Good (off-peak),Instant (Chase),Book AA or BA metal transatlantic. Avoid Avios for long-haul due to fuel surcharges.,Avios never expire while active,britishairways.com/avios
Asia Premium,First Class,Singapore KrisFlyer,"49,500–57,000 OW",AmEx MR or Chase UR → KrisFlyer (1:1),3.0–6.0¢,"$1,485–$3,420",Very rare; partners (Lufthansa F),24–48 hrs,Lufthansa First via KrisFlyer is legendary. Open ~15 days before departure.,Miles expire 36mo no activity,singaporeair.com/krisflyer
Hilton (Budget Hotels),Standard,Hilton Honors,"5,000–30,000/night",AmEx MR → Hilton (1:2),0.4–0.6¢,$40–$180/night,Good,Within 24 hrs,Lower CPP but can extract value at premium properties. 5th night free on 5-night stays.,Points expire 24mo no activity,hilton.com/honors
Caribbean / Mexico Resort,Suite,World of Hyatt,"15,000–35,000/night",Chase UR or Bilt → Hyatt (1:1),2.0–4.0¢,"$300–$1,400/night",Moderate,Instant (Chase),All-inclusive resorts in Mexico/Caribbean included in Hyatt. Book early.,Points expire 24mo no activity,hyatt.com
